1,Jimmy,Cain,36,Papte Road,Nikaftoc,CA,-36.02155,-137.05821,4026118282312778
2,Rosa,Ortiz,34,Awne Pass,Vasgehhu,AL,25.13373,-129.06063,4026479882843640
3,Evan,Pena,58,Fuva Court,Bicdirwiw,IN,-42.25175,-95.35976,5488784886065357
4,Jimmy,Cain,36,Papte Road,Nikaftoc,CA,-36.02155,-137.05821,4026118282312778
5,Rosa,Ortiz,34,Awne Pass,Vasgehhu,AL,25.13373,-129.06063,4026479882843640
6,Evan,Pena,58,Fuva Court,Bicdirwiw,IN,-42.25175,-95.35976,5488784886065357
7,Jimmy,Cain,36,Papte Road,Nikaftoc,CA,-36.02155,-137.05821,4026118282312778
8,Rosa,Ortiz,34,Awne Pass,Vasgehhu,AL,25.13373,-129.06063,4026479882843640
9,Evan,Pena,58,Fuva Court,Bicdirwiw,IN,-42.25175,-95.35976,5488784886065357
10,Jimmy,Cain,36,Papte Road,Nikaftoc,CA,-36.02155,-137.05821,4026118282312778
11,Rosa,Ortiz,34,Awne Pass,Vasgehhu,AL,25.13373,-129.06063,4026479882843640
12,Evan,Pena,58,Fuva Court,Bicdirwiw,IN,-42.25175,-95.35976,5488784886065357
13,Jimmy,Cain,36,Papte Road,Nikaftoc,CA,-36.02155,-137.05821,4026118282312778
14,Rosa,Ortiz,34,Awne Pass,Vasgehhu,AL,25.13373,-129.06063,4026479882843640
